timestamp,product,price,rsi,ema9,ema21,atr,atrPct,bbLower,bbUpper,trend,ofi,arbSpread,socialScore,btcPrice,btcRsi,action,confidence,outcome_5m,outcome_15m,outcome_1h
1789693642624,BTC,76545.90000000,55.80,76454.08000000,76445.84000000,133.08000000,0.1700,76236.22000000,76583.83000000,SIDEWAYS,0.0000,-0.0829,-0.8500,76541.40,55.63,HOLD,0.5000,0.0768,,
1789693642627,ZEC,1461.03000000,50.40,1462.77000000,1465.67000000,11.66000000,0.8000,1451.16000000,1486.28000000,DOWNTREND,0.0000,-0.1104,0.8600,76541.40,55.63,HOLD,0.5000,0.2060,,
1789693642628,ETH,2445.87000000,49.00,2444.50000000,2446.26000000,6.12000000,0.2500,2437.84000000,2452.69000000,SIDEWAYS,0.0000,-0.0806,0.5600,76541.40,55.63,HOLD,0.5000,0.1799,,
1789693642635,XRP,1.29960000,56.40,1.30000000,1.30000000,0.00000000,0.3500,1.29000000,1.30000000,SIDEWAYS,0.0000,-0.0923,0.5750,76541.40,55.63,HOLD,0.5000,0.1616,,
1789693642636,SOL,101.47000000,56.30,101.35000000,101.27000000,0.36000000,0.3500,100.85000000,101.67000000,SIDEWAYS,0.0000,-0.0745,0.5600,76541.40,55.63,HOLD,0.5000,0.0493,,
1789693642637,NEAR,3.16410000,63.50,3.14000000,3.10000000,0.05000000,1.5800,2.96000000,3.22000000,UPTREND,0.0000,-0.0442,0.8600,76541.40,55.63,HOLD,0.5000,0.4077,,
1789693642638,HYPE,86.75000000,78.70,85.78000000,84.77000000,0.54000000,0.6200,81.90000000,87.05000000,UPTREND,0.0000,-0.0475,0.5600,76541.40,55.63,HOLD,0.5000,-0.1268,,
1789693642639,UNI,7.72770000,57.30,7.72000000,7.68000000,0.10000000,1.3600,7.57000000,7.80000000,UPTREND,0.0000,-0.1191,0.5600,76541.40,55.63,HOLD,0.5000,1.0948,,
1789693642639,LINK,11.42100000,61.10,11.39000000,11.37000000,0.05000000,0.4000,11.28000000,11.44000000,UPTREND,0.0000,-0.1249,0.5600,76541.40,55.63,HOLD,0.5000,0.2189,,
1789693642739,SUI,0.75360000,76.40,0.75000000,0.74000000,0.00000000,0.6200,0.73000000,0.75000000,UPTREND,0.0000,-0.0533,0.5600,76541.40,55.63,SELL,0.8700,0.1062,,
1789693642844,ADA,0.20539000,69.00,0.20000000,0.20000000,0.00000000,0.5100,0.20000000,0.21000000,UPTREND,0.0000,-0.0926,0.5600,76541.40,55.63,SELL,0.8700,0.1071,,
1789693642845,ARB,0.18309000,68.20,0.18000000,0.18000000,0.00000000,1.3000,0.17000000,0.18000000,UPTREND,0.0000,-0.0103,0.5600,76541.40,55.63,HOLD,0.5000,-0.2021,,
1789693642846,VVV,24.93600000,44.70,25.18000000,25.16000000,0.30000000,1.2200,24.67000000,25.73000000,SIDEWAYS,0.0000,-0.0627,0.5600,76541.40,55.63,HOLD,0.5000,-0.1632,,
1789693642847,DOGE,0.08179000,57.20,0.08000000,0.08000000,0.00000000,0.2900,0.08000000,0.08000000,SIDEWAYS,0.0000,-0.0477,0.5600,76541.40,55.63,HOLD,0.5000,0.1467,,
1789693642847,USELESS,0.26016000,47.80,0.26000000,0.26000000,0.00000000,1.3400,0.26000000,0.27000000,DOWNTREND,0.0000,0.1672,0.5600,76541.40,55.63,HOLD,0.5000,0.6688,,
1789693642848,AAVE,128.74000000,57.60,128.38000000,128.13000000,0.70000000,0.5400,127.22000000,129.22000000,UPTREND,0.0000,-0.0323,0.5600,76541.40,55.63,HOLD,0.5000,0.3418,,
1789693668781,BTC,76568.56000000,56.80,76459.91000000,76448.57000000,133.08000000,0.1700,76232.72000000,76590.40000000,SIDEWAYS,0.0000,-0.0839,-0.8500,76541.40,55.63,HOLD,0.5000,0.0318,,
1789693668782,ZEC,1463.08000000,51.60,1463.18000000,1465.85000000,11.66000000,0.8000,1451.43000000,1486.23000000,DOWNTREND,0.0000,-0.0095,0.8600,76541.40,55.63,HOLD,0.5000,0.0971,,
1789693668790,ETH,2446.62000000,49.80,2444.73000000,2446.37000000,6.12000000,0.2500,2437.88000000,2452.79000000,SIDEWAYS,0.0000,-0.0941,0.5600,76541.40,55.63,HOLD,0.5000,0.1467,,
1789693668791,XRP,1.29950000,56.20,1.30000000,1.30000000,0.00000000,0.3500,1.29000000,1.30000000,SIDEWAYS,0.0000,-0.0846,0.5750,76541.40,55.63,HOLD,0.5000,0.1616,,
1789693668791,SOL,101.44000000,55.70,101.34000000,101.26000000,0.36000000,0.3500,100.85000000,101.66000000,SIDEWAYS,0.0000,-0.1044,0.5600,76541.40,55.63,HOLD,0.5000,0.0789,,
1789693668791,NEAR,3.16270000,63.40,3.14000000,3.09000000,0.05000000,1.5800,2.96000000,3.22000000,UPTREND,0.0000,-0.0373,0.8600,76541.40,55.63,HOLD,0.5000,0.3288,,
1789693668792,HYPE,86.78000000,78.80,85.79000000,84.77000000,0.54000000,0.6200,81.89000000,87.07000000,UPTREND,0.0000,-0.0681,0.5600,76541.40,55.63,HOLD,0.5000,0.0115,,
1789693668792,UNI,7.71970000,56.70,7.72000000,7.68000000,0.10000000,1.3600,7.57000000,7.80000000,UPTREND,0.0000,0.0155,0.5600,76541.40,55.63,HOLD,0.5000,1.6322,,
1789693668792,LINK,11.42600000,61.90,11.40000000,11.37000000,0.05000000,0.4000,11.28000000,11.45000000,UPTREND,0.0000,-0.0863,0.5600,76541.40,55.63,HOLD,0.5000,0.1575,,
1789693668885,SUI,0.75360000,75.90,0.75000000,0.74000000,0.00000000,0.6200,0.73000000,0.75000000,UPTREND,0.0000,-0.0178,0.5600,76541.40,55.63,SELL,0.8700,0.0663,,
1789693668985,ADA,0.20549000,69.30,0.20000000,0.20000000,0.00000000,0.5100,0.20000000,0.21000000,UPTREND,0.0000,-0.0632,0.5600,76541.40,55.63,SELL,0.8700,0.0730,,
1789693668986,ARB,0.18300000,67.90,0.18000000,0.18000000,0.00000000,1.3000,0.17000000,0.18000000,UPTREND,0.0000,-0.1043,0.5600,76541.40,55.63,HOLD,0.5000,-0.1311,,
1789693668987,VVV,24.95090000,45.10,25.18000000,25.16000000,0.30000000,1.2200,24.67000000,25.73000000,SIDEWAYS,0.0000,-0.0579,0.5600,76541.40,55.63,HOLD,0.5000,-0.1006,,
1789693668987,DOGE,0.08182000,57.90,0.08000000,0.08000000,0.00000000,0.2900,0.08000000,0.08000000,SIDEWAYS,0.0000,-0.0212,0.5600,76541.40,55.63,HOLD,0.5000,0.1344,,
1789693668988,USELESS,0.26000000,47.30,0.26000000,0.26000000,0.00000000,1.3400,0.26000000,0.27000000,DOWNTREND,0.0000,-0.0545,0.5600,76541.40,55.63,HOLD,0.5000,0.8423,,
1789693668988,AAVE,128.75000000,57.90,128.37000000,128.13000000,0.70000000,0.5400,127.23000000,129.21000000,UPTREND,0.0000,-0.0795,0.5600,76541.40,55.63,HOLD,0.5000,0.4660,,
1789693695507,BTC,76574.30000000,57.10,76463.19000000,76450.19000000,133.08000000,0.1700,76230.46000000,76594.57000000,SIDEWAYS,0.0000,-0.0783,-0.8500,76596.52,57.94,HOLD,0.5000,0.0024,,
1789693695508,ZEC,1463.26000000,51.80,1463.46000000,1466.00000000,11.66000000,0.8000,1451.64000000,1486.19000000,DOWNTREND,0.0000,-0.0605,0.8600,76596.52,57.94,HOLD,0.5000,0.1695,,
1789693695515,ETH,2447.28000000,50.50,2444.98000000,2446.50000000,6.12000000,0.2500,2437.90000000,2452.91000000,SIDEWAYS,0.0000,-0.0813,0.5600,76596.52,57.94,HOLD,0.5000,0.0834,,
1789693695515,XRP,1.30020000,57.30,1.30000000,1.30000000,0.00000000,0.3500,1.29000000,1.30000000,SIDEWAYS,0.0000,-0.0732,0.5750,76596.52,57.94,HOLD,0.5000,0.0846,,
1789693695516,SOL,101.48000000,56.40,101.35000000,101.27000000,0.36000000,0.3500,100.85000000,101.67000000,SIDEWAYS,0.0000,-0.0769,0.5600,76596.52,57.94,HOLD,0.5000,0.0296,,
1789693695516,NEAR,3.16800000,64.20,3.14000000,3.10000000,0.05000000,1.5800,2.96000000,3.22000000,UPTREND,0.0000,-0.0313,0.8600,76596.52,57.94,HOLD,0.5000,0.1610,,
1789693695516,HYPE,86.81000000,79.10,85.80000000,84.78000000,0.54000000,0.6200,81.88000000,87.08000000,UPTREND,0.0000,-0.0959,0.5600,76596.52,57.94,HOLD,0.5000,0.0115,,
1789693695516,UNI,7.72130000,56.60,7.72000000,7.68000000,0.10000000,1.3600,7.57000000,7.80000000,UPTREND,0.0000,-0.0350,0.5600,76596.52,57.94,HOLD,0.5000,1.4868,,
1789693695517,LINK,11.42400000,61.60,11.40000000,11.37000000,0.05000000,0.4000,11.28000000,11.44000000,UPTREND,0.0000,-0.1355,0.5600,76596.52,57.94,HOLD,0.5000,0.1488,,
1789693695622,SUI,0.75360000,76.50,0.75000000,0.74000000,0.00000000,0.6200,0.73000000,0.75000000,UPTREND,0.0000,-0.0605,0.5600,76596.52,57.94,SELL,0.8700,0.0531,,
1789693695717,ADA,0.20554000,69.50,0.20000000,0.20000000,0.00000000,0.5100,0.20000000,0.21000000,UPTREND,0.0000,-0.0677,0.5600,76596.52,57.94,SELL,0.8700,-0.0681,,
1789693695718,ARB,0.18313000,68.10,0.18000000,0.18000000,0.00000000,1.2900,0.17000000,0.18000000,UPTREND,0.0000,-0.1004,0.5600,76596.52,57.94,HOLD,0.5000,-0.1147,,
1789693695718,VVV,24.91450000,44.40,25.17000000,25.16000000,0.30000000,1.2200,24.65000000,25.74000000,SIDEWAYS,0.0000,0.0618,0.5600,76596.52,57.94,HOLD,0.5000,0.2368,,
1789693695719,DOGE,0.08181000,57.60,0.08000000,0.08000000,0.00000000,0.2900,0.08000000,0.08000000,SIDEWAYS,0.0000,-0.0970,0.5600,76596.52,57.94,HOLD,0.5000,0.1467,,
1789693695719,USELESS,0.26120000,49.70,0.26000000,0.26000000,0.00000000,1.3400,0.26000000,0.27000000,SIDEWAYS,0.0000,-0.1413,0.5600,76596.52,57.94,HOLD,0.5000,0.3790,,
1789693695720,AAVE,128.75000000,57.90,128.37000000,128.13000000,0.70000000,0.5400,127.23000000,129.21000000,UPTREND,0.0000,-0.1423,0.5600,76596.52,57.94,HOLD,0.5000,0.3650,,
1789693722172,BTC,76590.75000000,57.70,76470.23000000,76453.63000000,133.08000000,0.1700,76225.28000000,76603.74000000,SIDEWAYS,0.0000,-0.0786,-0.8500,76596.52,57.94,HOLD,0.5000,-0.0950,,
1789693722173,ZEC,1463.25000000,51.70,1463.46000000,1466.00000000,11.66000000,0.8000,1451.64000000,1486.19000000,DOWNTREND,0.0000,-0.0409,0.8600,76596.52,57.94,HOLD,0.5000,0.0253,,
1789693722181,ETH,2447.60000000,50.70,2445.19000000,2446.60000000,6.12000000,0.2500,2437.89000000,2453.03000000,SIDEWAYS,0.0000,-0.0925,0.5600,76596.52,57.94,HOLD,0.5000,0.0339,,
1789693722182,XRP,1.30020000,57.30,1.30000000,1.30000000,0.00000000,0.3500,1.29000000,1.30000000,SIDEWAYS,0.0000,-0.0805,0.5750,76596.52,57.94,HOLD,0.5000,-0.0077,,
1789693722183,SOL,101.47000000,56.20,101.35000000,101.27000000,0.36000000,0.3500,100.85000000,101.67000000,SIDEWAYS,0.0000,-0.0807,0.5600,76596.52,57.94,HOLD,0.5000,-0.0099,,
1789693722183,NEAR,3.16970000,64.30,3.14000000,3.10000000,0.05000000,1.5800,2.96000000,3.22000000,UPTREND,0.0000,-0.0168,0.8600,76596.52,57.94,HOLD,0.5000,-0.1357,,
1789693722184,HYPE,86.81000000,78.80,85.81000000,84.78000000,0.54000000,0.6300,81.88000000,87.08000000,UPTREND,0.0000,-0.0874,0.5600,76596.52,57.94,HOLD,0.5000,-0.1037,,
1789693722185,UNI,7.72390000,56.90,7.72000000,7.68000000,0.10000000,1.3600,7.57000000,7.80000000,UPTREND,0.0000,-0.0399,0.5600,76596.52,57.94,HOLD,0.5000,1.1277,,
1789693722186,LINK,11.42700000,61.90,11.40000000,11.37000000,0.05000000,0.4000,11.27000000,11.45000000,UPTREND,0.0000,-0.1278,0.5600,76596.52,57.94,HOLD,0.5000,0.0700,,
1789693722282,SUI,0.75410000,76.80,0.75000000,0.74000000,0.00000000,0.6200,0.73000000,0.75000000,UPTREND,0.0000,-0.0578,0.5600,76596.52,57.94,SELL,0.8700,-0.1193,,
1789693722382,ADA,0.20549000,69.20,0.20000000,0.20000000,0.00000000,0.5100,0.20000000,0.21000000,UPTREND,0.0000,-0.0692,0.5600,76596.52,57.94,SELL,0.8700,-0.1363,,
1789693722383,ARB,0.18320000,68.40,0.18000000,0.18000000,0.00000000,1.2900,0.17000000,0.18000000,UPTREND,0.0000,-0.0655,0.5600,76596.52,57.94,HOLD,0.5000,-0.1255,,
1789693722384,VVV,24.88450000,43.60,25.16000000,25.15000000,0.30000000,1.2200,24.65000000,25.74000000,SIDEWAYS,0.0000,-0.0099,0.5600,76596.52,57.94,HOLD,0.5000,0.2439,,
1789693722385,DOGE,0.08186000,58.70,0.08000000,0.08000000,0.00000000,0.2900,0.08000000,0.08000000,SIDEWAYS,0.0000,-0.0261,0.5600,76596.52,57.94,HOLD,0.5000,0.0489,,
1789693722385,USELESS,0.26120000,49.70,0.26000000,0.26000000,0.00000000,1.3400,0.26000000,0.27000000,SIDEWAYS,0.0000,-0.0639,0.5600,76596.52,57.94,HOLD,0.5000,0.3790,,
1789693722386,AAVE,128.82000000,58.40,128.39000000,128.14000000,0.70000000,0.5400,127.22000000,129.23000000,UPTREND,0.0000,-0.0736,0.5600,76596.52,57.94,HOLD,0.5000,0.1941,,
1789693748610,BTC,76576.81000000,57.10,76465.82000000,76451.52000000,133.08000000,0.1700,76228.47000000,76598.14000000,SIDEWAYS,0.0000,-0.0793,-0.8500,76576.81,57.14,HOLD,0.5000,-0.0594,,
1789693748611,ZEC,1462.35000000,51.20,1463.15000000,1465.85000000,11.66000000,0.8000,1451.43000000,1486.22000000,DOWNTREND,0.0000,-0.0544,0.8600,76576.81,57.14,HOLD,0.5000,0.1067,,
1789693748619,ETH,2446.79000000,49.90,2444.91000000,2446.47000000,6.12000000,0.2500,2437.89000000,2452.88000000,SIDEWAYS,0.0000,-0.0924,0.5600,76576.81,57.14,HOLD,0.5000,0.1022,,
1789693748619,XRP,1.30000000,56.90,1.30000000,1.30000000,0.00000000,0.3500,1.29000000,1.30000000,SIDEWAYS,0.0000,-0.0813,0.5750,76576.81,57.14,HOLD,0.5000,0.0462,,
1789693748620,SOL,101.46000000,56.10,101.34000000,101.27000000,0.36000000,0.3500,100.85000000,101.67000000,SIDEWAYS,0.0000,-0.0917,0.5600,76576.81,57.14,HOLD,0.5000,0.0690,,
1789693748620,NEAR,3.17260000,64.60,3.14000000,3.10000000,0.05000000,1.5700,2.96000000,3.22000000,UPTREND,0.0000,0.0344,0.8600,76576.81,57.14,HOLD,0.5000,0.1608,,
1789693748621,HYPE,86.84000000,79.20,85.81000000,84.78000000,0.54000000,0.6300,81.88000000,87.09000000,UPTREND,0.0000,-0.0623,0.5600,76576.81,57.14,HOLD,0.5000,-0.0461,,
1789693748621,UNI,7.73320000,57.70,7.72000000,7.68000000,0.10000000,1.3600,7.57000000,7.80000000,UPTREND,0.0000,0.0156,0.5600,76576.81,57.14,HOLD,0.5000,1.1599,,
1789693748621,LINK,11.43700000,62.80,11.40000000,11.37000000,0.05000000,0.4000,11.27000000,11.45000000,UPTREND,0.0000,-0.1164,0.5600,76576.81,57.14,HOLD,0.5000,0.0350,,
1789693748706,SUI,0.75410000,76.80,0.75000000,0.74000000,0.00000000,0.6200,0.72000000,0.75000000,UPTREND,0.0000,-0.0748,0.5600,76576.81,57.14,SELL,0.8700,0.1061,,
1789693748803,ADA,0.20554000,69.50,0.20000000,0.20000000,0.00000000,0.5100,0.20000000,0.21000000,UPTREND,0.0000,-0.0781,0.5600,76576.81,57.14,SELL,0.8700,-0.1022,,
1789693748804,ARB,0.18322000,68.30,0.18000000,0.18000000,0.00000000,1.2900,0.17000000,0.18000000,UPTREND,0.0000,-0.0872,0.5600,76576.81,57.14,HOLD,0.5000,0.0164,,
1789693748805,VVV,24.88970000,43.70,25.16000000,25.15000000,0.30000000,1.2200,24.65000000,25.74000000,SIDEWAYS,0.0000,-0.0441,0.5600,76576.81,57.14,HOLD,0.5000,0.2644,,
1789693748806,DOGE,0.08184000,58.30,0.08000000,0.08000000,0.00000000,0.2900,0.08000000,0.08000000,SIDEWAYS,0.0000,-0.0533,0.5600,76576.81,57.14,HOLD,0.5000,0.1100,,
1789693748806,USELESS,0.26170000,50.70,0.26000000,0.26000000,0.00000000,1.3400,0.26000000,0.27000000,SIDEWAYS,0.0000,-0.1396,0.5600,76576.81,57.14,HOLD,0.5000,0.5120,,
1789693748807,AAVE,128.93000000,59.10,128.43000000,128.16000000,0.70000000,0.5400,127.20000000,129.27000000,UPTREND,0.0000,-0.0776,0.5600,76576.81,57.14,HOLD,0.5000,0.1086,,
1789693775383,BTC,76569.60000000,56.80,76462.62000000,76449.96000000,133.08000000,0.1700,76230.77000000,76594.01000000,SIDEWAYS,0.0000,-0.0799,-0.8500,76576.81,57.14,HOLD,0.5000,-0.1228,,
1789693775385,ZEC,1464.00000000,52.20,1463.55000000,1466.03000000,11.66000000,0.8000,1451.67000000,1486.19000000,DOWNTREND,0.0000,-0.0158,0.8600,76576.81,57.14,HOLD,0.5000,-0.0656,,
1789693775392,ETH,2446.89000000,50.10,2444.83000000,2446.42000000,6.12000000,0.2500,2437.89000000,2452.83000000,SIDEWAYS,0.0000,-0.0796,0.5600,76576.81,57.14,HOLD,0.5000,0.0474,,
1789693775393,XRP,1.30040000,57.60,1.30000000,1.30000000,0.00000000,0.3400,1.29000000,1.30000000,SIDEWAYS,0.0000,-0.0966,0.5750,76576.81,57.14,HOLD,0.5000,-0.0077,,
1789693775393,SOL,101.48000000,56.40,101.35000000,101.27000000,0.36000000,0.3500,100.85000000,101.67000000,SIDEWAYS,0.0000,-0.0944,0.5600,76576.81,57.14,HOLD,0.5000,-0.0296,,
1789693775394,NEAR,3.18320000,65.60,3.14000000,3.10000000,0.05000000,1.5700,2.96000000,3.22000000,UPTREND,0.0000,-0.0502,0.8600,76576.81,57.14,HOLD,0.5000,-0.3393,,
1789693775394,HYPE,86.86000000,79.30,85.82000000,84.79000000,0.55000000,0.6300,81.87000000,87.10000000,UPTREND,0.0000,-0.0848,0.5600,76576.81,57.14,HOLD,0.5000,-0.2187,,
1789693775395,UNI,7.73990000,58.20,7.72000000,7.68000000,0.10000000,1.3600,7.57000000,7.80000000,UPTREND,0.0000,0.0200,0.5600,76576.81,57.14,HOLD,0.5000,0.8773,,
1789693775395,LINK,11.43700000,63.10,11.40000000,11.37000000,0.05000000,0.4000,11.27000000,11.45000000,UPTREND,0.0000,-0.1484,0.5600,76576.81,57.14,HOLD,0.5000,-0.0437,,
1789693775489,SUI,0.75500000,77.50,0.75000000,0.74000000,0.00000000,0.6200,0.72000000,0.75000000,UPTREND,0.0000,-0.0657,0.5600,76576.81,57.14,SELL,0.8700,-0.2384,,
1789693775580,ADA,0.20565000,69.90,0.20000000,0.20000000,0.00000000,0.5100,0.20000000,0.21000000,UPTREND,0.0000,-0.0719,0.5600,76576.81,57.14,SELL,0.8700,-0.2577,,
1789693775688,ARB,0.18355000,68.90,0.18000000,0.18000000,0.00000000,1.2900,0.17000000,0.18000000,UPTREND,0.0000,-0.0672,0.5600,76576.81,57.14,SELL,0.8700,-0.2887,,
1789693775689,VVV,24.88580000,43.60,25.16000000,25.15000000,0.30000000,1.2200,24.65000000,25.74000000,SIDEWAYS,0.0000,-0.0650,0.5600,76576.81,57.14,HOLD,0.5000,0.1021,,
1789693775697,DOGE,0.08192000,60.10,0.08000000,0.08000000,0.00000000,0.2900,0.08000000,0.08000000,SIDEWAYS,0.0000,-0.0230,0.5600,76576.81,57.14,HOLD,0.5000,-0.0732,,
1789693775699,USELESS,0.26190000,51.00,0.26000000,0.26000000,0.00000000,1.3600,0.26000000,0.27000000,SIDEWAYS,0.0000,0.0835,0.5600,76576.81,57.14,HOLD,0.5000,0.0687,,
1789693775700,AAVE,128.91000000,59.00,128.42000000,128.15000000,0.70000000,0.5400,127.21000000,129.27000000,UPTREND,0.0000,-0.0775,0.5600,76576.81,57.14,HOLD,0.5000,0.1319,,
1789693820391,BTC,76588.99000000,57.60,76469.27000000,76453.15000000,133.08000000,0.1700,76226.03000000,76602.43000000,SIDEWAYS,0.0000,-0.0740,-0.8500,76588.99,57.64,HOLD,0.5000,,,
1789693820393,ZEC,1463.41000000,51.80,1463.45000000,1465.99000000,11.66000000,0.8000,1451.62000000,1486.19000000,DOWNTREND,0.0000,-0.0365,0.8600,76588.99,57.64,HOLD,0.5000,,,
1789693820400,ETH,2447.40000000,50.60,2445.07000000,2446.54000000,6.12000000,0.2500,2437.90000000,2452.96000000,SIDEWAYS,0.0000,-0.0855,0.5600,76588.99,57.64,HOLD,0.5000,,,
1789693820402,XRP,1.30090000,58.20,1.30000000,1.30000000,0.00000000,0.3400,1.29000000,1.30000000,SIDEWAYS,0.0000,-0.0980,0.5750,76588.99,57.64,HOLD,0.5000,,,
1789693820402,SOL,101.48000000,56.30,101.36000000,101.27000000,0.36000000,0.3500,100.85000000,101.68000000,SIDEWAYS,0.0000,-0.0869,0.5600,76588.99,57.64,HOLD,0.5000,,,
1789693820403,NEAR,3.17770000,64.80,3.14000000,3.10000000,0.05000000,1.5700,2.96000000,3.22000000,UPTREND,0.0000,-0.2291,0.8600,76588.99,57.64,HOLD,0.5000,,,
1789693820404,HYPE,86.84000000,79.20,85.81000000,84.78000000,0.55000000,0.6300,81.88000000,87.09000000,UPTREND,0.0000,-0.0593,0.5600,76588.99,57.64,HOLD,0.5000,,,
1789693820404,UNI,7.73040000,57.50,7.72000000,7.68000000,0.10000000,1.3600,7.57000000,7.80000000,UPTREND,0.0000,-0.0517,0.5600,76588.99,57.64,HOLD,0.5000,,,
1789693820405,LINK,11.43700000,63.10,11.40000000,11.37000000,0.05000000,0.4000,11.27000000,11.45000000,UPTREND,0.0000,-0.1223,0.5600,76588.99,57.64,HOLD,0.5000,,,
1789693820504,SUI,0.75430000,76.90,0.75000000,0.74000000,0.00000000,0.6300,0.72000000,0.75000000,UPTREND,0.0000,-0.0688,0.5600,76588.99,57.64,SELL,0.8700,,,
1789693820589,ADA,0.20561000,69.70,0.20000000,0.20000000,0.00000000,0.5200,0.20000000,0.21000000,UPTREND,0.0000,-0.0808,0.5600,76588.99,57.64,SELL,0.8700,,,
1789693820680,ARB,0.18385000,69.30,0.18000000,0.18000000,0.00000000,1.2900,0.17000000,0.18000000,UPTREND,0.0000,-0.0496,0.5600,76588.99,57.64,SELL,0.8700,,,
1789693820681,VVV,24.91000000,44.40,25.16000000,25.15000000,0.30000000,1.2200,24.65000000,25.74000000,SIDEWAYS,0.0000,-0.1354,0.5600,76588.99,57.64,HOLD,0.5000,,,
1789693820682,DOGE,0.08187000,58.90,0.08000000,0.08000000,0.00000000,0.3000,0.08000000,0.08000000,SIDEWAYS,0.0000,-0.0646,0.5600,76588.99,57.64,HOLD,0.5000,,,
1789693820682,USELESS,0.26160000,50.50,0.26000000,0.26000000,0.00000000,1.3600,0.26000000,0.27000000,SIDEWAYS,0.0000,-0.1816,0.5600,76588.99,57.64,HOLD,0.5000,,,
1789693820683,AAVE,128.86000000,58.60,128.40000000,128.15000000,0.70000000,0.5400,127.21000000,129.25000000,UPTREND,0.0000,-0.1105,0.5600,76588.99,57.64,HOLD,0.5000,,,
1789693846246,BTC,76602.69000000,58.20,76473.95000000,76455.40000000,133.08000000,0.1700,76222.45000000,76608.59000000,SIDEWAYS,0.0000,-0.0778,-0.8500,76588.99,57.64,HOLD,0.5000,,,
1789693846247,ZEC,1464.61000000,52.60,1463.77000000,1466.14000000,11.66000000,0.8000,1451.81000000,1486.17000000,DOWNTREND,0.0000,-0.0093,0.8600,76588.99,57.64,HOLD,0.5000,,,
1789693846254,ETH,2448.59000000,51.80,2445.34000000,2446.67000000,6.12000000,0.2500,2437.88000000,2453.12000000,SIDEWAYS,0.0000,-0.0824,0.5600,76588.99,57.64,HOLD,0.5000,,,
1789693846255,XRP,1.30130000,58.80,1.30000000,1.30000000,0.00000000,0.3400,1.29000000,1.30000000,SIDEWAYS,0.0000,-0.0675,0.5750,76588.99,57.64,HOLD,0.5000,,,
1789693846256,SOL,101.52000000,57.10,101.36000000,101.27000000,0.36000000,0.3500,100.84000000,101.68000000,SIDEWAYS,0.0000,-0.0675,0.5600,76588.99,57.64,HOLD,0.5000,,,
1789693846256,NEAR,3.17840000,65.10,3.14000000,3.10000000,0.05000000,1.5700,2.96000000,3.22000000,UPTREND,0.0000,-0.2006,0.8600,76588.99,57.64,HOLD,0.5000,,,
1789693846257,HYPE,86.87000000,79.40,85.81000000,84.78000000,0.55000000,0.6300,81.87000000,87.09000000,UPTREND,0.0000,-0.0626,0.5600,76588.99,57.64,HOLD,0.5000,,,
1789693846257,UNI,7.77240000,60.90,7.74000000,7.69000000,0.11000000,1.3600,7.57000000,7.81000000,UPTREND,0.0000,-0.0687,0.5600,76588.99,57.64,HOLD,0.5000,,,
1789693846258,LINK,11.44100000,63.50,11.40000000,11.37000000,0.05000000,0.4000,11.27000000,11.45000000,UPTREND,0.0000,-0.0982,0.5600,76588.99,57.64,HOLD,0.5000,,,
1789693846343,SUI,0.75430000,76.90,0.75000000,0.74000000,0.00000000,0.6300,0.72000000,0.75000000,UPTREND,0.0000,-0.0628,0.5600,76588.99,57.64,SELL,0.8700,,,
1789693846438,ADA,0.20573000,70.10,0.20000000,0.20000000,0.00000000,0.5200,0.20000000,0.21000000,UPTREND,0.0000,-0.0757,0.5600,76588.99,57.64,SELL,0.8700,,,
1789693846535,ARB,0.18359000,69.00,0.18000000,0.18000000,0.00000000,1.2900,0.17000000,0.18000000,UPTREND,0.0000,-0.0919,0.5600,76588.99,57.64,SELL,0.8700,,,
1789693846536,VVV,24.93070000,44.60,25.18000000,25.16000000,0.30000000,1.2200,24.66000000,25.74000000,SIDEWAYS,0.0000,-0.0253,0.5600,76588.99,57.64,HOLD,0.5000,,,
1789693846537,DOGE,0.08187000,58.90,0.08000000,0.08000000,0.00000000,0.3000,0.08000000,0.08000000,SIDEWAYS,0.0000,-0.0906,0.5600,76588.99,57.64,HOLD,0.5000,,,
1789693846538,USELESS,0.26366000,54.00,0.26000000,0.26000000,0.00000000,1.3900,0.26000000,0.27000000,UPTREND,0.0000,0.1957,0.5600,76588.99,57.64,HOLD,0.5000,,,
1789693846538,AAVE,128.86000000,58.60,128.40000000,128.15000000,0.70000000,0.5400,127.21000000,129.25000000,UPTREND,0.0000,-0.1650,0.5600,76588.99,57.64,HOLD,0.5000,,,
1789693873029,BTC,76619.27000000,58.80,76479.46000000,76458.04000000,133.21000000,0.1700,76218.02000000,76616.04000000,SIDEWAYS,0.0000,-0.0680,-0.8500,76582.19,57.36,SELL,0.5900,,,
1789693873030,ZEC,1464.98000000,52.70,1464.08000000,1466.30000000,11.66000000,0.8000,1452.01000000,1486.16000000,DOWNTREND,0.0000,-0.0674,0.8600,76582.19,57.36,HOLD,0.5000,,,
1789693873038,ETH,2449.49000000,52.70,2445.79000000,2446.89000000,6.12000000,0.2500,2437.80000000,2453.45000000,SIDEWAYS,0.0000,-0.0752,0.5600,76582.19,57.36,HOLD,0.5000,,,
1789693873039,XRP,1.30180000,59.40,1.30000000,1.30000000,0.00000000,0.3400,1.29000000,1.30000000,SIDEWAYS,0.0000,-0.0727,0.5750,76582.19,57.36,SELL,0.6200,,,
1789693873040,SOL,101.53000000,57.20,101.37000000,101.28000000,0.36000000,0.3500,100.84000000,101.69000000,SIDEWAYS,0.0000,-0.0754,0.5600,76582.19,57.36,HOLD,0.5000,,,
1789693873041,NEAR,3.18420000,65.60,3.14000000,3.10000000,0.05000000,1.5700,2.96000000,3.22000000,UPTREND,0.0000,-0.1181,0.8600,76582.19,57.36,HOLD,0.5000,,,
1789693873041,HYPE,86.77000000,77.60,85.80000000,84.78000000,0.55000000,0.6400,81.88000000,87.08000000,UPTREND,0.0000,-0.0699,0.5600,76582.19,57.36,HOLD,0.5000,,,
1789693873041,UNI,7.78400000,61.60,7.74000000,7.69000000,0.11000000,1.3700,7.57000000,7.82000000,UPTREND,0.0000,-0.0513,0.5600,76582.19,57.36,HOLD,0.5000,,,
1789693873042,LINK,11.44500000,63.90,11.40000000,11.37000000,0.05000000,0.4000,11.27000000,11.45000000,UPTREND,0.0000,-0.0643,0.5600,76582.19,57.36,HOLD,0.5000,,,
1789693873137,SUI,0.75410000,76.40,0.75000000,0.74000000,0.00000000,0.6300,0.72000000,0.75000000,UPTREND,0.0000,-0.0413,0.5600,76582.19,57.36,SELL,0.8700,,,
1789693873237,ADA,0.20561000,69.10,0.20000000,0.20000000,0.00000000,0.5200,0.20000000,0.21000000,UPTREND,0.0000,-0.0654,0.5600,76582.19,57.36,SELL,0.8700,,,
1789693873238,ARB,0.18340000,68.30,0.18000000,0.18000000,0.00000000,1.2900,0.17000000,0.18000000,UPTREND,0.0000,0.0164,0.5600,76582.19,57.36,HOLD,0.5000,,,
1789693873239,VVV,24.91570000,44.20,25.17000000,25.16000000,0.30000000,1.2200,24.66000000,25.74000000,SIDEWAYS,0.0000,0.0185,0.5600,76582.19,57.36,HOLD,0.5000,,,
1789693873240,DOGE,0.08192000,59.70,0.08000000,0.08000000,0.00000000,0.3000,0.08000000,0.08000000,SIDEWAYS,0.0000,-0.0238,0.5600,76582.19,57.36,HOLD,0.5000,,,
1789693873240,USELESS,0.26328000,53.20,0.26000000,0.26000000,0.00000000,1.4000,0.26000000,0.27000000,UPTREND,0.0000,-5.5107,0.5600,76582.19,57.36,HOLD,0.4000,,,
1789693873241,AAVE,128.96000000,59.30,128.42000000,128.16000000,0.70000000,0.5400,127.21000000,129.27000000,UPTREND,0.0000,-0.0625,0.5600,76582.19,57.36,HOLD,0.5000,,,
1789693899321,BTC,76603.72000000,58.30,76472.20000000,76454.48000000,133.21000000,0.1700,76223.96000000,76605.96000000,SIDEWAYS,0.0000,-0.0789,-0.8500,76582.19,57.36,HOLD,0.5000,,,
1789693899322,ZEC,1462.95000000,51.60,1463.37000000,1465.95000000,11.66000000,0.8000,1451.58000000,1486.20000000,DOWNTREND,0.0000,-0.1209,0.8600,76582.19,57.36,HOLD,0.5000,,,
1789693899330,ETH,2449.19000000,52.40,2445.63000000,2446.81000000,6.12000000,0.2500,2437.84000000,2453.33000000,SIDEWAYS,0.0000,-0.0847,0.5600,76582.19,57.36,HOLD,0.5000,,,
1789693899331,XRP,1.30160000,59.10,1.30000000,1.30000000,0.00000000,0.3400,1.29000000,1.30000000,SIDEWAYS,0.0000,-0.0729,0.5750,76582.19,57.36,SELL,0.6200,,,
1789693899332,SOL,101.52000000,57.10,101.37000000,101.28000000,0.36000000,0.3500,100.84000000,101.69000000,SIDEWAYS,0.0000,-0.0700,0.5600,76582.19,57.36,HOLD,0.5000,,,
1789693899332,NEAR,3.17960000,65.00,3.14000000,3.10000000,0.05000000,1.5700,2.96000000,3.22000000,UPTREND,0.0000,-0.0436,0.8600,76582.19,57.36,HOLD,0.5000,,,
1789693899333,HYPE,86.75000000,78.80,85.77000000,84.77000000,0.55000000,0.6400,81.90000000,87.04000000,UPTREND,0.0000,-0.0742,0.5600,76582.19,57.36,HOLD,0.5000,,,
1789693899333,UNI,7.78740000,61.70,7.74000000,7.69000000,0.11000000,1.3800,7.57000000,7.82000000,UPTREND,0.0000,-0.0536,0.5600,76582.19,57.36,HOLD,0.5000,,,
1789693899334,LINK,11.44100000,63.50,11.40000000,11.37000000,0.05000000,0.4000,11.27000000,11.45000000,UPTREND,0.0000,-0.1222,0.5600,76582.19,57.36,HOLD,0.5000,,,
1789693899430,SUI,0.75390000,76.70,0.75000000,0.74000000,0.00000000,0.6300,0.73000000,0.75000000,UPTREND,0.0000,-0.0755,0.5600,76582.19,57.36,SELL,0.8700,,,
1789693899537,ADA,0.20548000,69.30,0.20000000,0.20000000,0.00000000,0.5200,0.20000000,0.21000000,UPTREND,0.0000,-0.0766,0.5600,76582.19,57.36,SELL,0.8700,,,
1789693899537,ARB,0.18270000,67.10,0.18000000,0.18000000,0.00000000,1.3000,0.17000000,0.18000000,UPTREND,0.0000,-0.0419,0.5600,76582.19,57.36,HOLD,0.5000,,,
1789693899544,VVV,24.91890000,44.30,25.17000000,25.16000000,0.30000000,1.2200,24.66000000,25.74000000,SIDEWAYS,0.0000,-0.0812,0.5600,76582.19,57.36,HOLD,0.5000,,,
1789693899544,DOGE,0.08192000,60.00,0.08000000,0.08000000,0.00000000,0.3000,0.08000000,0.08000000,SIDEWAYS,0.0000,-0.0294,0.5600,76582.19,57.36,HOLD,0.5000,,,
1789693899545,USELESS,0.26300000,52.70,0.26000000,0.26000000,0.00000000,1.4000,0.26000000,0.27000000,SIDEWAYS,0.0000,-4.9142,0.5600,76582.19,57.36,HOLD,0.4000,,,
1789693899545,AAVE,128.97000000,59.40,128.44000000,128.16000000,0.70000000,0.5500,127.20000000,129.28000000,UPTREND,0.0000,-0.0712,0.5600,76582.19,57.36,HOLD,0.5000,,,
1789693925425,BTC,76601.09000000,58.10,76472.49000000,76454.66000000,133.21000000,0.1700,76223.67000000,76606.50000000,SIDEWAYS,0.0000,-0.0767,-0.8500,76601.09,58.12,HOLD,0.5000,,,
1789693925426,ZEC,1463.54000000,51.90,1463.48000000,1466.00000000,11.66000000,0.8000,1451.64000000,1486.19000000,DOWNTREND,0.0000,-0.0660,0.8600,76601.09,58.12,HOLD,0.5000,,,
1789693925434,ETH,2449.17000000,52.40,2445.62000000,2446.80000000,6.12000000,0.2500,2437.84000000,2453.32000000,SIDEWAYS,0.0000,-0.0847,0.5600,76601.09,58.12,HOLD,0.5000,,,
1789693925435,XRP,1.30150000,59.00,1.30000000,1.30000000,0.00000000,0.3400,1.29000000,1.30000000,SIDEWAYS,0.0000,-0.0894,0.5750,76601.09,58.12,SELL,0.6200,,,
1789693925435,SOL,101.51000000,57.00,101.36000000,101.27000000,0.36000000,0.3500,100.85000000,101.68000000,SIDEWAYS,0.0000,-0.0683,0.5600,76601.09,58.12,HOLD,0.5000,,,
1789693925436,NEAR,3.18080000,65.30,3.14000000,3.10000000,0.05000000,1.5700,2.96000000,3.22000000,UPTREND,0.0000,-0.1017,0.8600,76601.09,58.12,HOLD,0.5000,,,
1789693925436,HYPE,86.65000000,77.60,85.75000000,84.76000000,0.55000000,0.6400,81.91000000,87.02000000,UPTREND,0.0000,-0.0885,0.5600,76601.09,58.12,HOLD,0.5000,,,
1789693925437,UNI,7.79000000,61.90,7.74000000,7.69000000,0.11000000,1.3800,7.57000000,7.82000000,UPTREND,0.0000,-0.0395,0.5600,76601.09,58.12,HOLD,0.5000,,,
1789693925437,LINK,11.44300000,63.70,11.40000000,11.37000000,0.05000000,0.4000,11.27000000,11.45000000,UPTREND,0.0000,-0.0790,0.5600,76601.09,58.12,HOLD,0.5000,,,
1789693925529,SUI,0.75430000,76.90,0.75000000,0.74000000,0.00000000,0.6300,0.72000000,0.75000000,UPTREND,0.0000,-0.0971,0.5600,76601.09,58.12,SELL,0.8700,,,
1789693925619,ADA,0.20565000,69.80,0.20000000,0.20000000,0.00000000,0.5200,0.20000000,0.21000000,UPTREND,0.0000,-0.0838,0.5600,76601.09,58.12,SELL,0.8700,,,
1789693925620,ARB,0.18281000,67.10,0.18000000,0.18000000,0.00000000,1.3000,0.17000000,0.18000000,UPTREND,0.0000,-0.0883,0.5600,76601.09,58.12,HOLD,0.5000,,,
1789693925621,VVV,24.93560000,44.70,25.18000000,25.16000000,0.30000000,1.2200,24.66000000,25.74000000,SIDEWAYS,0.0000,-0.1316,0.5600,76601.09,58.12,HOLD,0.5000,,,
1789693925621,DOGE,0.08191000,59.80,0.08000000,0.08000000,0.00000000,0.3000,0.08000000,0.08000000,SIDEWAYS,0.0000,-0.0820,0.5600,76601.09,58.12,HOLD,0.5000,,,
1789693925622,USELESS,0.26300000,52.90,0.26000000,0.26000000,0.00000000,1.4000,0.26000000,0.27000000,SIDEWAYS,0.0000,0.0056,0.5600,76601.09,58.12,HOLD,0.5000,,,
1789693925622,AAVE,128.97000000,59.40,128.44000000,128.16000000,0.70000000,0.5500,127.20000000,129.28000000,UPTREND,0.0000,-0.1085,0.5600,76601.09,58.12,HOLD,0.5000,,,
1789693951925,BTC,76604.65000000,58.30,76475.23000000,76456.04000000,133.21000000,0.1700,76221.38000000,76610.41000000,SIDEWAYS,0.0000,-0.0858,-0.8500,76601.09,58.12,HOLD,0.5000,,,
1789693951926,ZEC,1464.04000000,52.20,1463.75000000,1466.14000000,11.66000000,0.8000,1451.82000000,1486.17000000,DOWNTREND,0.0000,-0.0851,0.8600,76601.09,58.12,HOLD,0.5000,,,
1789693951934,ETH,2450.27000000,53.40,2446.04000000,2447.01000000,6.12000000,0.2500,2437.73000000,2453.66000000,SIDEWAYS,0.0000,-0.0638,0.5600,76601.09,58.12,HOLD,0.5000,,,
1789693951935,XRP,1.30170000,59.20,1.30000000,1.30000000,0.00000000,0.3400,1.29000000,1.30000000,SIDEWAYS,0.0000,-0.0781,0.5750,76601.09,58.12,SELL,0.6200,,,
1789693951936,SOL,101.52000000,57.10,101.37000000,101.28000000,0.36000000,0.3500,100.84000000,101.69000000,SIDEWAYS,0.0000,-0.0806,0.5600,76601.09,58.12,HOLD,0.5000,,,
1789693951937,NEAR,3.17700000,64.80,3.14000000,3.10000000,0.05000000,1.5700,2.96000000,3.22000000,UPTREND,0.0000,-0.1270,0.8600,76601.09,58.12,HOLD,0.5000,,,
1789693951938,HYPE,86.64000000,78.30,85.74000000,84.75000000,0.55000000,0.6400,81.92000000,87.00000000,UPTREND,0.0000,-0.0531,0.5600,76601.09,58.12,HOLD,0.5000,,,
1789693951939,UNI,7.81230000,63.10,7.75000000,7.69000000,0.11000000,1.3900,7.56000000,7.83000000,UPTREND,0.0000,-0.0575,0.5600,76601.09,58.12,HOLD,0.5000,,,
1789693951940,LINK,11.44600000,64.00,11.40000000,11.37000000,0.05000000,0.4000,11.27000000,11.45000000,UPTREND,0.0000,-0.0461,0.5600,76601.09,58.12,HOLD,0.5000,,,
1789693952040,SUI,0.75440000,76.10,0.75000000,0.74000000,0.00000000,0.6300,0.72000000,0.75000000,UPTREND,0.0000,-0.0741,0.5600,76601.09,58.12,SELL,0.8700,,,
1789693952140,ADA,0.20561000,69.70,0.20000000,0.20000000,0.00000000,0.5200,0.20000000,0.21000000,UPTREND,0.0000,-0.0753,0.5600,76601.09,58.12,SELL,0.8700,,,
1789693952141,ARB,0.18272000,67.30,0.18000000,0.18000000,0.00000000,1.3000,0.17000000,0.18000000,UPTREND,0.0000,-0.0355,0.5600,76601.09,58.12,HOLD,0.5000,,,
1789693952142,VVV,24.89530000,43.80,25.17000000,25.16000000,0.30000000,1.2200,24.65000000,25.74000000,SIDEWAYS,0.0000,-0.1088,0.5600,76601.09,58.12,HOLD,0.5000,,,
1789693952143,DOGE,0.08191000,59.50,0.08000000,0.08000000,0.00000000,0.3000,0.08000000,0.08000000,SIDEWAYS,0.0000,-0.0517,0.5600,76601.09,58.12,HOLD,0.5000,,,
1789693952144,USELESS,0.26190000,50.90,0.26000000,0.26000000,0.00000000,1.4000,0.26000000,0.27000000,SIDEWAYS,0.0000,-0.1829,0.5600,76601.09,58.12,HOLD,0.5000,,,
1789693952144,AAVE,129.18000000,60.70,128.51000000,128.20000000,0.71000000,0.5500,127.16000000,129.36000000,UPTREND,0.0000,-0.0801,0.5600,76601.09,58.12,HOLD,0.5000,,,
1789693978389,BTC,76592.89000000,57.80,76470.02000000,76453.49000000,133.21000000,0.1700,76225.52000000,76603.31000000,SIDEWAYS,0.0000,-0.0812,-0.8500,76594.99,57.88,HOLD,0.5000,,,
1789693978391,ZEC,1464.50000000,52.40,1463.93000000,1466.22000000,11.66000000,0.8000,1451.92000000,1486.16000000,DOWNTREND,0.0000,-0.0829,0.8600,76594.99,57.88,HOLD,0.5000,,,
1789693978400,ETH,2450.21000000,53.30,2446.03000000,2447.00000000,6.12000000,0.2500,2437.73000000,2453.65000000,SIDEWAYS,0.0000,-0.0821,0.5600,76594.99,57.88,HOLD,0.5000,,,
1789693978401,XRP,1.30160000,59.00,1.30000000,1.30000000,0.00000000,0.3400,1.29000000,1.30000000,SIDEWAYS,0.0000,-0.0886,0.5750,76594.99,57.88,HOLD,0.5000,,,
1789693978402,SOL,101.52000000,57.10,101.37000000,101.28000000,0.36000000,0.3500,100.84000000,101.69000000,SIDEWAYS,0.0000,-0.0877,0.5600,76594.99,57.88,HOLD,0.5000,,,
1789693978403,NEAR,3.17310000,64.60,3.14000000,3.10000000,0.05000000,1.5700,2.96000000,3.22000000,UPTREND,0.0000,-0.1343,0.8600,76594.99,57.88,HOLD,0.5000,,,
1789693978403,HYPE,86.79000000,79.00,85.78000000,84.77000000,0.55000000,0.6400,81.90000000,87.05000000,UPTREND,0.0000,-0.0749,0.5600,76594.99,57.88,HOLD,0.5000,,,
1789693978404,UNI,7.84570000,64.60,7.76000000,7.70000000,0.11000000,1.4300,7.55000000,7.85000000,UPTREND,0.0000,-0.0962,0.5600,76594.99,57.88,HOLD,0.5000,,,
1789693978404,LINK,11.44400000,63.80,11.40000000,11.37000000,0.05000000,0.4000,11.27000000,11.45000000,UPTREND,0.0000,-0.1015,0.5600,76594.99,57.88,HOLD,0.5000,,,
1789693978505,SUI,0.75410000,76.30,0.75000000,0.74000000,0.00000000,0.6300,0.72000000,0.75000000,UPTREND,0.0000,-0.0645,0.5600,76594.99,57.88,SELL,0.8700,,,
1789693978613,ADA,0.20564000,69.80,0.20000000,0.20000000,0.00000000,0.5200,0.20000000,0.21000000,UPTREND,0.0000,-0.0682,0.5600,76594.99,57.88,SELL,0.8700,,,
1789693978614,ARB,0.18276000,67.40,0.18000000,0.18000000,0.00000000,1.3000,0.17000000,0.18000000,UPTREND,0.0000,-0.0322,0.5600,76594.99,57.88,HOLD,0.5000,,,
1789693978621,VVV,24.92580000,44.50,25.18000000,25.16000000,0.30000000,1.2200,24.66000000,25.74000000,SIDEWAYS,0.0000,-0.0745,0.5600,76594.99,57.88,HOLD,0.5000,,,
1789693978622,DOGE,0.08193000,60.20,0.08000000,0.08000000,0.00000000,0.3000,0.08000000,0.08000000,SIDEWAYS,0.0000,-0.0689,0.5600,76594.99,57.88,HOLD,0.5000,,,
1789693978623,USELESS,0.26219000,51.50,0.26000000,0.26000000,0.00000000,1.4000,0.26000000,0.27000000,SIDEWAYS,0.0000,-0.0272,0.5600,76594.99,57.88,HOLD,0.5000,,,
1789693978623,AAVE,129.35000000,61.60,128.58000000,128.23000000,0.72000000,0.5600,127.11000000,129.45000000,UPTREND,0.0000,-0.0702,0.5600,76594.99,57.88,HOLD,0.5000,,,
1789694004450,BTC,76576.12000000,57.00,76465.58000000,76451.41000000,133.21000000,0.1700,76228.64000000,76597.83000000,SIDEWAYS,0.0000,-0.0849,-0.8500,76594.99,57.88,HOLD,0.5000,,,
1789694004451,ZEC,1465.74000000,53.10,1464.37000000,1466.44000000,11.66000000,0.8000,1452.16000000,1486.17000000,DOWNTREND,0.0000,-0.0495,0.8600,76594.99,57.88,HOLD,0.5000,,,
1789694004458,ETH,2449.32000000,52.30,2445.90000000,2446.94000000,6.12000000,0.2500,2437.76000000,2453.56000000,SIDEWAYS,0.0000,-0.0945,0.5600,76594.99,57.88,HOLD,0.5000,,,
1789694004459,XRP,1.30130000,58.60,1.30000000,1.30000000,0.00000000,0.3400,1.29000000,1.30000000,SIDEWAYS,0.0000,-0.0848,0.5750,76594.99,57.88,HOLD,0.5000,,,
1789694004459,SOL,101.51000000,56.80,101.37000000,101.28000000,0.36000000,0.3500,100.84000000,101.69000000,SIDEWAYS,0.0000,-0.0827,0.5600,76594.99,57.88,HOLD,0.5000,,,
1789694004460,NEAR,3.17310000,64.60,3.14000000,3.10000000,0.05000000,1.5700,2.96000000,3.22000000,UPTREND,0.0000,-0.0006,0.8600,76594.99,57.88,HOLD,0.5000,,,
1789694004460,HYPE,86.82000000,79.10,85.81000000,84.78000000,0.55000000,0.6400,81.88000000,87.08000000,UPTREND,0.0000,-0.0398,0.5600,76594.99,57.88,HOLD,0.5000,,,
1789694004461,UNI,7.83610000,64.30,7.76000000,7.70000000,0.11000000,1.4300,7.56000000,7.84000000,UPTREND,0.0000,-0.0741,0.5600,76594.99,57.88,HOLD,0.5000,,,
1789694004461,LINK,11.44100000,63.20,11.40000000,11.37000000,0.05000000,0.4000,11.27000000,11.45000000,UPTREND,0.0000,-0.1080,0.5600,76594.99,57.88,HOLD,0.5000,,,
1789694004560,SUI,0.75400000,76.70,0.75000000,0.74000000,0.00000000,0.6300,0.73000000,0.75000000,UPTREND,0.0000,-0.0451,0.5600,76594.99,57.88,SELL,0.8700,,,
1789694004664,ADA,0.20540000,69.00,0.20000000,0.20000000,0.00000000,0.5200,0.20000000,0.21000000,UPTREND,0.0000,-0.0572,0.5600,76594.99,57.88,SELL,0.8700,,,
1789694004665,ARB,0.18292000,67.80,0.18000000,0.18000000,0.00000000,1.3000,0.17000000,0.18000000,UPTREND,0.0000,-0.0507,0.5600,76594.99,57.88,HOLD,0.5000,,,
1789694004667,VVV,24.97350000,45.60,25.19000000,25.17000000,0.30000000,1.2200,24.67000000,25.73000000,SIDEWAYS,0.0000,-0.0515,0.5600,76594.99,57.88,HOLD,0.5000,,,
1789694004667,DOGE,0.08193000,60.20,0.08000000,0.08000000,0.00000000,0.3000,0.08000000,0.08000000,SIDEWAYS,0.0000,-0.0355,0.5600,76594.99,57.88,HOLD,0.5000,,,
1789694004668,USELESS,0.26219000,51.50,0.26000000,0.26000000,0.00000000,1.4000,0.26000000,0.27000000,SIDEWAYS,0.0000,-0.0492,0.5600,76594.99,57.88,HOLD,0.5000,,,
1789694004669,AAVE,129.22000000,60.90,128.53000000,128.21000000,0.72000000,0.5600,127.14000000,129.39000000,UPTREND,0.0000,-0.0275,0.5600,76594.99,57.88,HOLD,0.5000,,,
1789694030624,BTC,76518.00000000,54.30,76447.62000000,76442.85000000,133.21000000,0.1700,76239.41000000,76577.30000000,SIDEWAYS,0.0000,-0.0897,-0.8500,76506.58,53.89,HOLD,0.5000,,,
1789694030626,ZEC,1463.62000000,52.00,1463.55000000,1466.04000000,11.66000000,0.8000,1451.69000000,1486.18000000,DOWNTREND,0.0000,-0.0423,0.8600,76506.58,53.89,HOLD,0.5000,,,
1789694030633,ETH,2448.43000000,51.60,2445.46000000,2446.73000000,6.12000000,0.2500,2437.87000000,2453.21000000,SIDEWAYS,0.0000,-0.0822,0.5600,76506.58,53.89,HOLD,0.5000,,,
1789694030635,XRP,1.30010000,56.90,1.30000000,1.30000000,0.00000000,0.3500,1.29000000,1.30000000,SIDEWAYS,0.0000,-0.0838,0.5750,76506.58,53.89,HOLD,0.5000,,,
1789694030636,SOL,101.46000000,55.90,101.35000000,101.27000000,0.36000000,0.3600,100.85000000,101.67000000,SIDEWAYS,0.0000,-0.0629,0.5600,76506.58,53.89,HOLD,0.5000,,,
1789694030637,NEAR,3.16540000,63.80,3.14000000,3.10000000,0.05000000,1.5800,2.96000000,3.22000000,UPTREND,0.0000,-0.0664,0.8600,76506.58,53.89,HOLD,0.5000,,,
1789694030637,HYPE,86.72000000,78.70,85.77000000,84.76000000,0.55000000,0.6400,81.90000000,87.04000000,UPTREND,0.0000,-0.0564,0.5600,76506.58,53.89,HOLD,0.5000,,,
1789694030638,UNI,7.81100000,62.80,7.75000000,7.69000000,0.11000000,1.4400,7.56000000,7.83000000,UPTREND,0.0000,-0.0768,0.5600,76506.58,53.89,HOLD,0.5000,,,
1789694030639,LINK,11.43500000,62.90,11.40000000,11.37000000,0.05000000,0.4000,11.27000000,11.45000000,UPTREND,0.0000,-0.0845,0.5600,76506.58,53.89,HOLD,0.5000,,,
1789694030739,SUI,0.75320000,75.60,0.75000000,0.74000000,0.00000000,0.6300,0.73000000,0.75000000,UPTREND,0.0000,-0.1003,0.5600,76506.58,53.89,SELL,0.8700,,,
1789694030740,ADA,0.20521000,67.70,0.20000000,0.20000000,0.00000000,0.5200,0.20000000,0.21000000,UPTREND,0.0000,-0.0729,0.5600,76506.58,53.89,HOLD,0.5000,,,
1789694030741,ARB,0.18297000,68.00,0.18000000,0.18000000,0.00000000,1.3000,0.17000000,0.18000000,UPTREND,0.0000,-0.0657,0.5600,76506.58,53.89,HOLD,0.5000,,,
1789694030742,VVV,24.94520000,44.90,25.19000000,25.16000000,0.30000000,1.2200,24.67000000,25.73000000,SIDEWAYS,0.0000,-0.0571,0.5600,76506.58,53.89,HOLD,0.5000,,,
1789694030743,DOGE,0.08190000,59.60,0.08000000,0.08000000,0.00000000,0.3000,0.08000000,0.08000000,SIDEWAYS,0.0000,-0.0362,0.5600,76506.58,53.89,HOLD,0.5000,,,
1789694030744,USELESS,0.26219000,51.50,0.26000000,0.26000000,0.00000000,1.4000,0.26000000,0.27000000,SIDEWAYS,0.0000,-0.1417,0.5600,76506.58,53.89,HOLD,0.5000,,,
1789694030745,AAVE,129.07000000,59.80,128.49000000,128.19000000,0.72000000,0.5600,127.17000000,129.34000000,UPTREND,0.0000,-0.0495,0.5600,76506.58,53.89,HOLD,0.5000,,,
1789694056866,BTC,76531.35000000,55.20,76447.55000000,76442.65000000,133.21000000,0.1700,76239.89000000,76576.44000000,SIDEWAYS,0.0000,-0.0772,-0.8500,76506.58,53.89,HOLD,0.5000,,,
1789694056867,ZEC,1463.91000000,52.10,1463.48000000,1466.00000000,11.66000000,0.8000,1451.63000000,1486.19000000,DOWNTREND,0.0000,-0.0655,0.8600,76506.58,53.89,HOLD,0.5000,,,
1789694056875,ETH,2449.29000000,52.50,2445.71000000,2446.85000000,6.12000000,0.2500,2437.82000000,2453.38000000,SIDEWAYS,0.0000,-0.0824,0.5600,76506.58,53.89,HOLD,0.5000,,,
1789694056877,XRP,1.30060000,57.90,1.30000000,1.30000000,0.00000000,0.3400,1.29000000,1.30000000,SIDEWAYS,0.0000,-0.0950,0.5750,76506.58,53.89,HOLD,0.5000,,,
1789694056878,SOL,101.53000000,57.30,101.36000000,101.27000000,0.36000000,0.3600,100.84000000,101.68000000,SIDEWAYS,0.0000,-0.0708,0.5600,76506.58,53.89,HOLD,0.5000,,,
1789694056878,NEAR,3.17770000,65.10,3.14000000,3.10000000,0.05000000,1.5700,2.96000000,3.22000000,UPTREND,0.0000,-0.0786,0.8600,76506.58,53.89,HOLD,0.5000,,,
1789694056881,HYPE,86.80000000,79.10,85.79000000,84.77000000,0.55000000,0.6400,81.89000000,87.07000000,UPTREND,0.0000,-0.0684,0.5600,76506.58,53.89,HOLD,0.5000,,,
1789694056881,UNI,7.82290000,63.70,7.75000000,7.70000000,0.11000000,1.4400,7.56000000,7.83000000,UPTREND,0.0000,-0.0662,0.5600,76506.58,53.89,HOLD,0.5000,,,
1789694056882,LINK,11.44100000,63.60,11.40000000,11.37000000,0.05000000,0.4000,11.27000000,11.45000000,UPTREND,0.0000,-0.1069,0.5600,76506.58,53.89,HOLD,0.5000,,,
1789694056991,SUI,0.75490000,77.40,0.75000000,0.74000000,0.00000000,0.6300,0.72000000,0.75000000,UPTREND,0.0000,-0.0081,0.5600,76506.58,53.89,SELL,0.8700,,,
1789694057083,ADA,0.20533000,68.70,0.20000000,0.20000000,0.00000000,0.5200,0.20000000,0.21000000,UPTREND,0.0000,-0.0668,0.5600,76506.58,53.89,SELL,0.8700,,,
1789694057084,ARB,0.18325000,68.50,0.18000000,0.18000000,0.00000000,1.2900,0.17000000,0.18000000,UPTREND,0.0000,-0.0760,0.5600,76506.58,53.89,HOLD,0.5000,,,
1789694057085,VVV,24.95550000,45.20,25.19000000,25.16000000,0.30000000,1.2200,24.67000000,25.73000000,SIDEWAYS,0.0000,-0.0156,0.5600,76506.58,53.89,HOLD,0.5000,,,
1789694057086,DOGE,0.08193000,60.20,0.08000000,0.08000000,0.00000000,0.3000,0.08000000,0.08000000,SIDEWAYS,0.0000,-0.0585,0.5600,76506.58,53.89,HOLD,0.5000,,,
1789694057087,USELESS,0.26304000,53.00,0.26000000,0.26000000,0.00000000,1.4000,0.26000000,0.27000000,SIDEWAYS,0.0000,0.2759,0.5600,76506.58,53.89,HOLD,0.5000,,,
1789694057087,AAVE,129.07000000,60.00,128.48000000,128.18000000,0.72000000,0.5600,127.18000000,129.33000000,UPTREND,0.0000,-0.1409,0.5600,76506.58,53.89,HOLD,0.5000,,,
1789694083664,BTC,76475.58000000,52.30,76428.77000000,76433.64000000,135.11000000,0.1800,76246.96000000,76559.02000000,SIDEWAYS,0.0000,-0.0847,-0.8500,76486.22,52.82,HOLD,0.5000,,,
1789694083666,ZEC,1463.04000000,51.50,1463.64000000,1466.09000000,11.66000000,0.8000,1451.76000000,1486.18000000,DOWNTREND,0.0000,-0.0541,0.8600,76486.22,52.82,HOLD,0.5000,,,
1789694083674,ETH,2448.05000000,51.20,2445.31000000,2446.66000000,6.12000000,0.2500,2437.88000000,2453.11000000,SIDEWAYS,0.0000,-0.0827,0.5600,76486.22,52.82,HOLD,0.5000,,,
1789694083675,XRP,1.30030000,57.40,1.30000000,1.30000000,0.00000000,0.3400,1.29000000,1.30000000,SIDEWAYS,0.0000,-0.0682,0.5750,76486.22,52.82,HOLD,0.5000,,,
1789694083677,SOL,101.45000000,55.90,101.34000000,101.26000000,0.36000000,0.3600,100.85000000,101.66000000,SIDEWAYS,0.0000,-0.0765,0.5600,76486.22,52.82,HOLD,0.5000,,,
1789694083678,NEAR,3.17240000,64.60,3.14000000,3.10000000,0.05000000,1.5700,2.96000000,3.22000000,UPTREND,0.0000,-0.1088,0.8600,76486.22,52.82,HOLD,0.5000,,,
1789694083679,HYPE,86.67000000,78.50,85.75000000,84.75000000,0.55000000,0.6400,81.92000000,87.01000000,UPTREND,0.0000,-0.1157,0.5600,76486.22,52.82,HOLD,0.5000,,,
1789694083680,UNI,7.80780000,62.90,7.75000000,7.69000000,0.11000000,1.4400,7.56000000,7.83000000,UPTREND,0.0000,-0.0655,0.5600,76486.22,52.82,HOLD,0.5000,,,
1789694083680,LINK,11.43200000,62.50,11.40000000,11.37000000,0.05000000,0.4000,11.27000000,11.45000000,UPTREND,0.0000,-0.1136,0.5600,76486.22,52.82,HOLD,0.5000,,,
1789694083776,SUI,0.75320000,76.20,0.75000000,0.74000000,0.00000000,0.6300,0.73000000,0.75000000,UPTREND,0.0000,-0.0539,0.5600,76486.22,52.82,SELL,0.8700,,,
1789694083864,ADA,0.20512000,68.10,0.20000000,0.20000000,0.00000000,0.5200,0.20000000,0.20000000,UPTREND,0.0000,-0.0850,0.5600,76486.22,52.82,SELL,0.8700,,,
1789694083865,ARB,0.18302000,68.10,0.18000000,0.18000000,0.00000000,1.3000,0.17000000,0.18000000,UPTREND,0.0000,-0.1024,0.5600,76486.22,52.82,HOLD,0.5000,,,
1789694083866,VVV,24.91120000,44.10,25.18000000,25.16000000,0.30000000,1.2200,24.66000000,25.74000000,SIDEWAYS,0.0000,-0.1624,0.5600,76486.22,52.82,HOLD,0.5000,,,
1789694083867,DOGE,0.08186000,58.70,0.08000000,0.08000000,0.00000000,0.3000,0.08000000,0.08000000,SIDEWAYS,0.0000,-0.0682,0.5600,76486.22,52.82,HOLD,0.5000,,,
1789694083868,USELESS,0.26208000,51.30,0.26000000,0.26000000,0.00000000,1.4000,0.26000000,0.27000000,SIDEWAYS,0.0000,-0.0125,0.5600,76486.22,52.82,HOLD,0.5000,,,
1789694083869,AAVE,129.08000000,60.00,128.48000000,128.18000000,0.72000000,0.5600,127.18000000,129.33000000,UPTREND,0.0000,-0.0369,0.5600,76486.22,52.82,HOLD,0.5000,,,
